<?xml version="1.0" encoding="UTF-8"?>
<sef_nn_master ninput="12" pca="false" specialist="destab">
  <neuralnet file="[CONFIG_ROOT]/council/ss/neuralnets/destab/nn1.mlp"></neuralnet>
  <neuralnet file="[CONFIG_ROOT]/council/ss/neuralnets/destab/nn2.mlp"></neuralnet>
  <neuralnet file="[CONFIG_ROOT]/council/ss/neuralnets/destab/nn3.mlp"></neuralnet>
  <neuralnet file="[CONFIG_ROOT]/council/ss/neuralnets/destab/nn4.mlp"></neuralnet>
  <neuralnet file="[CONFIG_ROOT]/council/ss/neuralnets/destab/nn5.mlp"></neuralnet>
  <neuralnet file="[CONFIG_ROOT]/council/ss/neuralnets/destab/nn6.mlp"></neuralnet>
  <neuralnet file="[CONFIG_ROOT]/council/ss/neuralnets/destab/nn7.mlp"></neuralnet>
  <neuralnet file="[CONFIG_ROOT]/council/ss/neuralnets/destab/nn8.mlp"></neuralnet>
  <neuralnet file="[CONFIG_ROOT]/council/ss/neuralnets/destab/nn9.mlp"></neuralnet>
  <neuralnet file="[CONFIG_ROOT]/council/ss/neuralnets/destab/nn10.mlp"></neuralnet>
  <member_adjustment>
    <member file="[CONFIG_ROOT]/council/ss/neuralnets/destab/nn5.mlp">
      <mean>0.679094</mean>
      <sdev>2.03109</sdev>
      <min>-0.340031</min>
      <max>8.55023</max>
      <slope>0.606638</slope>
      <intercept>0.823603</intercept>
    </member>
    <member file="[CONFIG_ROOT]/council/ss/neuralnets/destab/nn6.mlp">
      <mean>1.09905</mean>
      <sdev>1.67009</sdev>
      <min>-0.507307</min>
      <max>6.78626</max>
      <slope>0.56373</slope>
      <intercept>0.907128</intercept>
    </member>
    <member file="[CONFIG_ROOT]/council/ss/neuralnets/destab/nn2.mlp">
      <mean>1.03134</mean>
      <sdev>1.78819</sdev>
      <min>-3.21042</min>
      <max>7.69339</max>
      <slope>0.624485</slope>
      <intercept>0.760317</intercept>
    </member>
    <member file="[CONFIG_ROOT]/council/ss/neuralnets/destab/nn9.mlp">
      <mean>0.649849</mean>
      <sdev>2.0816</sdev>
      <min>-0.757686</min>
      <max>8.35876</max>
      <slope>0.573498</slope>
      <intercept>0.92678</intercept>
    </member>
    <member file="[CONFIG_ROOT]/council/ss/neuralnets/destab/nn7.mlp">
      <mean>1.22425</mean>
      <sdev>1.59693</sdev>
      <min>-1.22265</min>
      <max>7.00213</max>
      <slope>0.596562</slope>
      <intercept>0.823738</intercept>
    </member>
    <member file="[CONFIG_ROOT]/council/ss/neuralnets/destab/nn1.mlp">
      <mean>1.02336</mean>
      <sdev>1.72014</sdev>
      <min>-0.3322</min>
      <max>6.94648</max>
      <slope>0.538948</slope>
      <intercept>0.983745</intercept>
    </member>
    <member file="[CONFIG_ROOT]/council/ss/neuralnets/destab/nn3.mlp">
      <mean>0.999524</mean>
      <sdev>1.80243</sdev>
      <min>-1.74413</min>
      <max>7.38052</max>
      <slope>0.604492</slope>
      <intercept>0.837851</intercept>
    </member>
    <member file="[CONFIG_ROOT]/council/ss/neuralnets/destab/nn10.mlp">
      <mean>1.34804</mean>
      <sdev>1.57138</sdev>
      <min>-1.52179</min>
      <max>6.95705</max>
      <slope>0.590164</slope>
      <intercept>0.882123</intercept>
    </member>
    <member file="[CONFIG_ROOT]/council/ss/neuralnets/destab/nn4.mlp">
      <mean>-0.132396</mean>
      <sdev>2.70153</sdev>
      <min>-0.132396</min>
      <max>7.08308</max>
      <slope>0.574166</slope>
      <intercept>0.891703</intercept>
    </member>
    <member file="[CONFIG_ROOT]/council/ss/neuralnets/destab/nn8.mlp">
      <mean>0.892798</mean>
      <sdev>1.8288</sdev>
      <min>-0.177027</min>
      <max>6.89205</max>
      <slope>0.547098</slope>
      <intercept>0.981283</intercept>
    </member>
    <target>
      <mean>0.93987</mean>
      <sdev>2.11613</sdev>
      <min>0.44</min>
      <max>12</max>
      <slope>0</slope>
      <intercept>0</intercept>
    </target>
  </member_adjustment>
</sef_nn_master>
