<?xml version="1.0" encoding="UTF-8"?>
<sef_nn_master ninput="12" pca="false" specialist="no">
  <neuralnet file="[CONFIG_ROOT]/council/ss/neuralnets/nn1.mlp"></neuralnet>
  <neuralnet file="[CONFIG_ROOT]/council/ss/neuralnets/nn2.mlp"></neuralnet>
  <neuralnet file="[CONFIG_ROOT]/council/ss/neuralnets/nn3.mlp"></neuralnet>
  <neuralnet file="[CONFIG_ROOT]/council/ss/neuralnets/nn4.mlp"></neuralnet>
  <neuralnet file="[CONFIG_ROOT]/council/ss/neuralnets/nn5.mlp"></neuralnet>
  <neuralnet file="[CONFIG_ROOT]/council/ss/neuralnets/nn6.mlp"></neuralnet>
  <neuralnet file="[CONFIG_ROOT]/council/ss/neuralnets/nn7.mlp"></neuralnet>
  <neuralnet file="[CONFIG_ROOT]/council/ss/neuralnets/nn8.mlp"></neuralnet>
  <neuralnet file="[CONFIG_ROOT]/council/ss/neuralnets/nn9.mlp"></neuralnet>
  <neuralnet file="[CONFIG_ROOT]/council/ss/neuralnets/nn10.mlp"></neuralnet>
  <member_adjustment>
    <member file="[CONFIG_ROOT]/council/ss/neuralnets/nn7.mlp">
      <mean>0.948176</mean>
      <sdev>1.3751</sdev>
      <min>-3.51204</min>
      <max>6.40544</max>
      <slope>0.558455</slope>
      <intercept>0.423301</intercept>
    </member>
    <member file="[CONFIG_ROOT]/council/ss/neuralnets/nn6.mlp">
      <mean>0.950968</mean>
      <sdev>1.44463</sdev>
      <min>-3.44676</min>
      <max>11.9117</max>
      <slope>0.609427</slope>
      <intercept>0.378186</intercept>
    </member>
    <member file="[CONFIG_ROOT]/council/ss/neuralnets/nn2.mlp">
      <mean>0.939886</mean>
      <sdev>1.43318</sdev>
      <min>-3.33837</min>
      <max>6.41842</max>
      <slope>0.59015</slope>
      <intercept>0.385222</intercept>
    </member>
    <member file="[CONFIG_ROOT]/council/ss/neuralnets/nn3.mlp">
      <mean>0.954256</mean>
      <sdev>1.42085</sdev>
      <min>-3.28238</min>
      <max>7.1795</max>
      <slope>0.59918</slope>
      <intercept>0.391105</intercept>
    </member>
    <member file="[CONFIG_ROOT]/council/ss/neuralnets/nn4.mlp">
      <mean>0.959155</mean>
      <sdev>1.47027</sdev>
      <min>-3.1198</min>
      <max>10.8865</max>
      <slope>0.607145</slope>
      <intercept>0.388518</intercept>
    </member>
    <member file="[CONFIG_ROOT]/council/ss/neuralnets/nn1.mlp">
      <mean>0.906501</mean>
      <sdev>1.38507</sdev>
      <min>-2.25932</min>
      <max>5.87486</max>
      <slope>0.555856</slope>
      <intercept>0.384068</intercept>
    </member>
    <member file="[CONFIG_ROOT]/council/ss/neuralnets/nn9.mlp">
      <mean>0.922854</mean>
      <sdev>1.41767</sdev>
      <min>-3.81109</min>
      <max>6.86671</max>
      <slope>0.598388</slope>
      <intercept>0.360447</intercept>
    </member>
    <member file="[CONFIG_ROOT]/council/ss/neuralnets/nn5.mlp">
      <mean>0.935703</mean>
      <sdev>1.4112</sdev>
      <min>-3.29245</min>
      <max>6.10464</max>
      <slope>0.587407</slope>
      <intercept>0.383617</intercept>
    </member>
    <member file="[CONFIG_ROOT]/council/ss/neuralnets/nn8.mlp">
      <mean>0.943375</mean>
      <sdev>1.42346</sdev>
      <min>-2.9403</min>
      <max>6.61299</max>
      <slope>0.585413</slope>
      <intercept>0.393163</intercept>
    </member>
    <member file="[CONFIG_ROOT]/council/ss/neuralnets/nn10.mlp">
      <mean>0.935328</mean>
      <sdev>1.41134</sdev>
      <min>-4.31687</min>
      <max>7.2413</max>
      <slope>0.577799</slope>
      <intercept>0.392272</intercept>
    </member>
    <target>
      <mean>0.93987</mean>
      <sdev>1.80948</sdev>
      <min>-6.8</min>
      <max>12</max>
      <slope>0</slope>
      <intercept>0</intercept>
    </target>
  </member_adjustment>
</sef_nn_master>
