<?xml version="1.0" encoding="UTF-8"?>
<regression>
  <type>multifit</type>
  <indices n="11">
    <idx>0</idx>
    <idx>1</idx>
    <idx>2</idx>
    <idx>3</idx>
    <idx>4</idx>
    <idx>5</idx>
    <idx>6</idx>
    <idx>7</idx>
    <idx>8</idx>
    <idx>10</idx>
    <idx>11</idx>
  </indices>
  <parameter>
    <c idx="0">0.190727</c>
    <c idx="1">0.612171</c>
    <c idx="2">0.0750273</c>
    <c idx="3">0.0311471</c>
    <c idx="4">-0.438648</c>
    <c idx="5">0.20074</c>
    <c idx="6">0.145232</c>
    <c idx="7">-0.0579237</c>
    <c idx="8">0.111116</c>
    <c idx="9">-0.304185</c>
    <c idx="10">-0.0115779</c>
  </parameter>
  <covmatrix>
    <cov idx1="0" idx2="0">0.0027156</cov>
    <cov idx1="0" idx2="1">-0.00158234</cov>
    <cov idx1="0" idx2="2">-0.000102549</cov>
    <cov idx1="0" idx2="3">7.4618e-05</cov>
    <cov idx1="0" idx2="4">0.000225353</cov>
    <cov idx1="0" idx2="5">0.000181105</cov>
    <cov idx1="0" idx2="6">-0.000337026</cov>
    <cov idx1="0" idx2="7">-0.00018184</cov>
    <cov idx1="0" idx2="8">0.000135729</cov>
    <cov idx1="0" idx2="9">5.69276e-05</cov>
    <cov idx1="0" idx2="10">-0.000142284</cov>
    <cov idx1="1" idx2="0">-0.00158234</cov>
    <cov idx1="1" idx2="1">0.00267403</cov>
    <cov idx1="1" idx2="2">0.000284214</cov>
    <cov idx1="1" idx2="3">-1.40101e-05</cov>
    <cov idx1="1" idx2="4">0.000124009</cov>
    <cov idx1="1" idx2="5">-1.13497e-05</cov>
    <cov idx1="1" idx2="6">-5.91741e-05</cov>
    <cov idx1="1" idx2="7">-0.000138736</cov>
    <cov idx1="1" idx2="8">-5.67916e-05</cov>
    <cov idx1="1" idx2="9">-0.000130367</cov>
    <cov idx1="1" idx2="10">-2.07127e-05</cov>
    <cov idx1="2" idx2="0">-0.000102549</cov>
    <cov idx1="2" idx2="1">0.000284214</cov>
    <cov idx1="2" idx2="2">0.00171209</cov>
    <cov idx1="2" idx2="3">0.000236167</cov>
    <cov idx1="2" idx2="4">0.000172283</cov>
    <cov idx1="2" idx2="5">-0.00020919</cov>
    <cov idx1="2" idx2="6">9.3868e-05</cov>
    <cov idx1="2" idx2="7">7.6797e-05</cov>
    <cov idx1="2" idx2="8">-5.66418e-05</cov>
    <cov idx1="2" idx2="9">-1.22476e-05</cov>
    <cov idx1="2" idx2="10">0.000119951</cov>
    <cov idx1="3" idx2="0">7.4618e-05</cov>
    <cov idx1="3" idx2="1">-1.40101e-05</cov>
    <cov idx1="3" idx2="2">0.000236167</cov>
    <cov idx1="3" idx2="3">0.00200281</cov>
    <cov idx1="3" idx2="4">0.000339199</cov>
    <cov idx1="3" idx2="5">-6.31443e-05</cov>
    <cov idx1="3" idx2="6">0.00017094</cov>
    <cov idx1="3" idx2="7">-7.80143e-05</cov>
    <cov idx1="3" idx2="8">0.000353896</cov>
    <cov idx1="3" idx2="9">-0.000531858</cov>
    <cov idx1="3" idx2="10">0.000136765</cov>
    <cov idx1="4" idx2="0">0.000225353</cov>
    <cov idx1="4" idx2="1">0.000124009</cov>
    <cov idx1="4" idx2="2">0.000172283</cov>
    <cov idx1="4" idx2="3">0.000339199</cov>
    <cov idx1="4" idx2="4">0.00199499</cov>
    <cov idx1="4" idx2="5">-0.00058744</cov>
    <cov idx1="4" idx2="6">0.000581795</cov>
    <cov idx1="4" idx2="7">-0.000301209</cov>
    <cov idx1="4" idx2="8">-1.469e-05</cov>
    <cov idx1="4" idx2="9">0.000241105</cov>
    <cov idx1="4" idx2="10">0.000435157</cov>
    <cov idx1="5" idx2="0">0.000181105</cov>
    <cov idx1="5" idx2="1">-1.13497e-05</cov>
    <cov idx1="5" idx2="2">-0.00020919</cov>
    <cov idx1="5" idx2="3">-6.31443e-05</cov>
    <cov idx1="5" idx2="4">-0.00058744</cov>
    <cov idx1="5" idx2="5">0.0037177</cov>
    <cov idx1="5" idx2="6">-0.00274148</cov>
    <cov idx1="5" idx2="7">-0.000268133</cov>
    <cov idx1="5" idx2="8">-0.000257929</cov>
    <cov idx1="5" idx2="9">0.000130841</cov>
    <cov idx1="5" idx2="10">-0.000228702</cov>
    <cov idx1="6" idx2="0">-0.000337026</cov>
    <cov idx1="6" idx2="1">-5.91741e-05</cov>
    <cov idx1="6" idx2="2">9.3868e-05</cov>
    <cov idx1="6" idx2="3">0.00017094</cov>
    <cov idx1="6" idx2="4">0.000581795</cov>
    <cov idx1="6" idx2="5">-0.00274148</cov>
    <cov idx1="6" idx2="6">0.00371179</cov>
    <cov idx1="6" idx2="7">0.000140187</cov>
    <cov idx1="6" idx2="8">0.000275668</cov>
    <cov idx1="6" idx2="9">-3.70443e-05</cov>
    <cov idx1="6" idx2="10">0.000238268</cov>
    <cov idx1="7" idx2="0">-0.00018184</cov>
    <cov idx1="7" idx2="1">-0.000138736</cov>
    <cov idx1="7" idx2="2">7.6797e-05</cov>
    <cov idx1="7" idx2="3">-7.80143e-05</cov>
    <cov idx1="7" idx2="4">-0.000301209</cov>
    <cov idx1="7" idx2="5">-0.000268133</cov>
    <cov idx1="7" idx2="6">0.000140187</cov>
    <cov idx1="7" idx2="7">0.00174039</cov>
    <cov idx1="7" idx2="8">7.58047e-06</cov>
    <cov idx1="7" idx2="9">8.49772e-06</cov>
    <cov idx1="7" idx2="10">6.33236e-05</cov>
    <cov idx1="8" idx2="0">0.000135729</cov>
    <cov idx1="8" idx2="1">-5.67916e-05</cov>
    <cov idx1="8" idx2="2">-5.66418e-05</cov>
    <cov idx1="8" idx2="3">0.000353896</cov>
    <cov idx1="8" idx2="4">-1.469e-05</cov>
    <cov idx1="8" idx2="5">-0.000257929</cov>
    <cov idx1="8" idx2="6">0.000275668</cov>
    <cov idx1="8" idx2="7">7.58047e-06</cov>
    <cov idx1="8" idx2="8">0.00177033</cov>
    <cov idx1="8" idx2="9">4.45905e-05</cov>
    <cov idx1="8" idx2="10">-0.000156854</cov>
    <cov idx1="9" idx2="0">5.69276e-05</cov>
    <cov idx1="9" idx2="1">-0.000130367</cov>
    <cov idx1="9" idx2="2">-1.22476e-05</cov>
    <cov idx1="9" idx2="3">-0.000531858</cov>
    <cov idx1="9" idx2="4">0.000241105</cov>
    <cov idx1="9" idx2="5">0.000130841</cov>
    <cov idx1="9" idx2="6">-3.70443e-05</cov>
    <cov idx1="9" idx2="7">8.49772e-06</cov>
    <cov idx1="9" idx2="8">4.45905e-05</cov>
    <cov idx1="9" idx2="9">0.00224949</cov>
    <cov idx1="9" idx2="10">0.000908376</cov>
    <cov idx1="10" idx2="0">-0.000142284</cov>
    <cov idx1="10" idx2="1">-2.07127e-05</cov>
    <cov idx1="10" idx2="2">0.000119951</cov>
    <cov idx1="10" idx2="3">0.000136765</cov>
    <cov idx1="10" idx2="4">0.000435157</cov>
    <cov idx1="10" idx2="5">-0.000228702</cov>
    <cov idx1="10" idx2="6">0.000238268</cov>
    <cov idx1="10" idx2="7">6.33236e-05</cov>
    <cov idx1="10" idx2="8">-0.000156854</cov>
    <cov idx1="10" idx2="9">0.000908376</cov>
    <cov idx1="10" idx2="10">0.0021549</cov>
  </covmatrix>
  <chisqr>5963.64</chisqr>
</regression>
