<?xml version="1.0" encoding="UTF-8"?>
<sef_nn_master ninput="12" pca="false" specialist="stab">
  <neuralnet file="[CONFIG_ROOT]/council/ss/neuralnets/stab/nn1.mlp"></neuralnet>
  <neuralnet file="[CONFIG_ROOT]/council/ss/neuralnets/stab/nn2.mlp"></neuralnet>
  <neuralnet file="[CONFIG_ROOT]/council/ss/neuralnets/stab/nn3.mlp"></neuralnet>
  <neuralnet file="[CONFIG_ROOT]/council/ss/neuralnets/stab/nn4.mlp"></neuralnet>
  <neuralnet file="[CONFIG_ROOT]/council/ss/neuralnets/stab/nn5.mlp"></neuralnet>
  <neuralnet file="[CONFIG_ROOT]/council/ss/neuralnets/stab/nn6.mlp"></neuralnet>
  <neuralnet file="[CONFIG_ROOT]/council/ss/neuralnets/stab/nn7.mlp"></neuralnet>
  <neuralnet file="[CONFIG_ROOT]/council/ss/neuralnets/stab/nn8.mlp"></neuralnet>
  <neuralnet file="[CONFIG_ROOT]/council/ss/neuralnets/stab/nn9.mlp"></neuralnet>
  <neuralnet file="[CONFIG_ROOT]/council/ss/neuralnets/stab/nn10.mlp"></neuralnet>
  <member_adjustment>
    <member file="[CONFIG_ROOT]/council/ss/neuralnets/stab/nn4.mlp">
      <mean>0.860563</mean>
      <sdev>1.24983</sdev>
      <min>-3.0547</min>
      <max>1.63766</max>
      <slope>0.528688</slope>
      <intercept>-0.00122913</intercept>
    </member>
    <member file="[CONFIG_ROOT]/council/ss/neuralnets/stab/nn3.mlp">
      <mean>1.37153</mean>
      <sdev>1.72169</sdev>
      <min>-3.00516</min>
      <max>2.49782</max>
      <slope>0.589765</slope>
      <intercept>-0.00714576</intercept>
    </member>
    <member file="[CONFIG_ROOT]/council/ss/neuralnets/stab/nn9.mlp">
      <mean>1.39056</mean>
      <sdev>1.7667</sdev>
      <min>-8.42472</min>
      <max>1.96718</max>
      <slope>0.626737</slope>
      <intercept>-0.00244278</intercept>
    </member>
    <member file="[CONFIG_ROOT]/council/ss/neuralnets/stab/nn10.mlp">
      <mean>0.736879</mean>
      <sdev>1.21252</sdev>
      <min>-4.00392</min>
      <max>1.59194</max>
      <slope>0.604065</slope>
      <intercept>-0.01332</intercept>
    </member>
    <member file="[CONFIG_ROOT]/council/ss/neuralnets/stab/nn1.mlp">
      <mean>0.217856</mean>
      <sdev>0.869896</sdev>
      <min>-2.82317</min>
      <max>2.23828</max>
      <slope>0.555843</slope>
      <intercept>-0.032146</intercept>
    </member>
    <member file="[CONFIG_ROOT]/council/ss/neuralnets/stab/nn5.mlp">
      <mean>0.663517</mean>
      <sdev>1.13354</sdev>
      <min>-3.48689</min>
      <max>2.31501</max>
      <slope>0.576609</slope>
      <intercept>0.00543199</intercept>
    </member>
    <member file="[CONFIG_ROOT]/council/ss/neuralnets/stab/nn2.mlp">
      <mean>0.310578</mean>
      <sdev>0.914961</sdev>
      <min>-3.13967</min>
      <max>1.75529</max>
      <slope>0.549614</slope>
      <intercept>-0.0233038</intercept>
    </member>
    <member file="[CONFIG_ROOT]/council/ss/neuralnets/stab/nn7.mlp">
      <mean>1.70177</mean>
      <sdev>2.00224</sdev>
      <min>-3.53377</min>
      <max>1.83486</max>
      <slope>0.541838</slope>
      <intercept>-0.0095847</intercept>
    </member>
    <member file="[CONFIG_ROOT]/council/ss/neuralnets/stab/nn8.mlp">
      <mean>1.43346</mean>
      <sdev>1.75669</sdev>
      <min>-4.02934</min>
      <max>2.2715</max>
      <slope>0.567336</slope>
      <intercept>0.00299912</intercept>
    </member>
    <member file="[CONFIG_ROOT]/council/ss/neuralnets/stab/nn6.mlp">
      <mean>0.930609</mean>
      <sdev>1.34127</sdev>
      <min>-5.11935</min>
      <max>1.60283</max>
      <slope>0.616939</slope>
      <intercept>0.00675602</intercept>
    </member>
    <target>
      <mean>0.93987</mean>
      <sdev>1.52957</sdev>
      <min>-6.8</min>
      <max>1.43</max>
      <slope>0</slope>
      <intercept>0</intercept>
    </target>
  </member_adjustment>
</sef_nn_master>
