<?xml version="1.0" encoding="UTF-8"?>
<sef_nn_master ninput="12" pca="false" specialist="destab">
  <neuralnet file="[CONFIG_ROOT]/council/neuralnets/destab/nn1.mlp"></neuralnet>
  <neuralnet file="[CONFIG_ROOT]/council/neuralnets/destab/nn2.mlp"></neuralnet>
  <neuralnet file="[CONFIG_ROOT]/council/neuralnets/destab/nn3.mlp"></neuralnet>
  <neuralnet file="[CONFIG_ROOT]/council/neuralnets/destab/nn4.mlp"></neuralnet>
  <neuralnet file="[CONFIG_ROOT]/council/neuralnets/destab/nn5.mlp"></neuralnet>
  <neuralnet file="[CONFIG_ROOT]/council/neuralnets/destab/nn6.mlp"></neuralnet>
  <neuralnet file="[CONFIG_ROOT]/council/neuralnets/destab/nn7.mlp"></neuralnet>
  <neuralnet file="[CONFIG_ROOT]/council/neuralnets/destab/nn8.mlp"></neuralnet>
  <neuralnet file="[CONFIG_ROOT]/council/neuralnets/destab/nn9.mlp"></neuralnet>
  <neuralnet file="[CONFIG_ROOT]/council/neuralnets/destab/nn10.mlp"></neuralnet>
  <member_adjustment>
    <member file="[CONFIG_ROOT]/council/neuralnets/destab/nn8.mlp">
      <mean>0.809577</mean>
      <sdev>1.8977</sdev>
      <min>-0.377766</min>
      <max>7.34695</max>
      <slope>0.57817</slope>
      <intercept>0.918453</intercept>
    </member>
    <member file="[CONFIG_ROOT]/council/neuralnets/destab/nn9.mlp">
      <mean>1.73634</mean>
      <sdev>1.22446</sdev>
      <min>-0.212076</min>
      <max>6.8966</max>
      <slope>0.56829</slope>
      <intercept>0.946724</intercept>
    </member>
    <member file="[CONFIG_ROOT]/council/neuralnets/destab/nn10.mlp">
      <mean>1.91418</mean>
      <sdev>1.14797</sdev>
      <min>-0.902747</min>
      <max>6.78005</max>
      <slope>0.590716</slope>
      <intercept>0.889572</intercept>
    </member>
    <member file="[CONFIG_ROOT]/council/neuralnets/destab/nn2.mlp">
      <mean>1.55832</mean>
      <sdev>1.35829</sdev>
      <min>-0.0186971</min>
      <max>6.92093</max>
      <slope>0.603744</slope>
      <intercept>0.87043</intercept>
    </member>
    <member file="[CONFIG_ROOT]/council/neuralnets/destab/nn1.mlp">
      <mean>1.28079</mean>
      <sdev>1.54231</sdev>
      <min>0.00664305</min>
      <max>9.19156</max>
      <slope>0.601223</slope>
      <intercept>0.87041</intercept>
    </member>
    <member file="[CONFIG_ROOT]/council/neuralnets/destab/nn6.mlp">
      <mean>1.58477</mean>
      <sdev>1.31788</sdev>
      <min>-0.259109</min>
      <max>7.14464</max>
      <slope>0.581513</slope>
      <intercept>0.918954</intercept>
    </member>
    <member file="[CONFIG_ROOT]/council/neuralnets/destab/nn5.mlp">
      <mean>1.10924</mean>
      <sdev>1.66702</sdev>
      <min>-0.0966096</min>
      <max>11.258</max>
      <slope>0.600069</slope>
      <intercept>0.865179</intercept>
    </member>
    <member file="[CONFIG_ROOT]/council/neuralnets/destab/nn3.mlp">
      <mean>1.68204</mean>
      <sdev>1.27443</sdev>
      <min>-0.378962</min>
      <max>7.47891</max>
      <slope>0.593938</slope>
      <intercept>0.888579</intercept>
    </member>
    <member file="[CONFIG_ROOT]/council/neuralnets/destab/nn7.mlp">
      <mean>1.75546</mean>
      <sdev>1.22081</sdev>
      <min>-0.232776</min>
      <max>7.28188</max>
      <slope>0.580657</slope>
      <intercept>0.91713</intercept>
    </member>
    <member file="[CONFIG_ROOT]/council/neuralnets/destab/nn4.mlp">
      <mean>0.937053</mean>
      <sdev>1.78647</sdev>
      <min>-0.425659</min>
      <max>6.60043</max>
      <slope>0.564779</slope>
      <intercept>0.959514</intercept>
    </member>
    <target>
      <mean>1.08097</mean>
      <sdev>1.98961</sdev>
      <min>0.59</min>
      <max>12.23</max>
      <slope>0</slope>
      <intercept>0</intercept>
    </target>
  </member_adjustment>
</sef_nn_master>
