<?xml version="1.0" encoding="UTF-8"?>
<regression>
  <type>multifit</type>
  <indices n="12">
    <idx>0</idx>
    <idx>1</idx>
    <idx>2</idx>
    <idx>3</idx>
    <idx>4</idx>
    <idx>5</idx>
    <idx>6</idx>
    <idx>7</idx>
    <idx>8</idx>
    <idx>9</idx>
    <idx>10</idx>
    <idx>11</idx>
  </indices>
  <parameter>
    <c idx="0">0.325569</c>
    <c idx="1">0.370824</c>
    <c idx="2">0.113055</c>
    <c idx="3">-0.062703</c>
    <c idx="4">-0.50875</c>
    <c idx="5">0.202481</c>
    <c idx="6">-0.0822952</c>
    <c idx="7">0.0199941</c>
    <c idx="8">-0.0713223</c>
    <c idx="9">1.11327e-17</c>
    <c idx="10">-0.0293926</c>
    <c idx="11">0.0231293</c>
  </parameter>
  <covmatrix>
    <cov idx1="0" idx2="0">0.00348251</cov>
    <cov idx1="0" idx2="1">-0.00210223</cov>
    <cov idx1="0" idx2="2">-0.000417296</cov>
    <cov idx1="0" idx2="3">0.000118935</cov>
    <cov idx1="0" idx2="4">7.57677e-05</cov>
    <cov idx1="0" idx2="5">-0.000118113</cov>
    <cov idx1="0" idx2="6">-0.000456092</cov>
    <cov idx1="0" idx2="7">-4.90637e-05</cov>
    <cov idx1="0" idx2="8">-1.43884e-06</cov>
    <cov idx1="0" idx2="9">5.69972e-24</cov>
    <cov idx1="0" idx2="10">5.14414e-05</cov>
    <cov idx1="0" idx2="11">-1.82597e-05</cov>
    <cov idx1="1" idx2="0">-0.00210223</cov>
    <cov idx1="1" idx2="1">0.0033976</cov>
    <cov idx1="1" idx2="2">0.000395473</cov>
    <cov idx1="1" idx2="3">3.55464e-05</cov>
    <cov idx1="1" idx2="4">0.000248231</cov>
    <cov idx1="1" idx2="5">-7.93966e-05</cov>
    <cov idx1="1" idx2="6">-4.86205e-05</cov>
    <cov idx1="1" idx2="7">-0.000131952</cov>
    <cov idx1="1" idx2="8">7.0712e-06</cov>
    <cov idx1="1" idx2="9">3.6484e-20</cov>
    <cov idx1="1" idx2="10">0.000128271</cov>
    <cov idx1="1" idx2="11">0.00020035</cov>
    <cov idx1="2" idx2="0">-0.000417296</cov>
    <cov idx1="2" idx2="1">0.000395473</cov>
    <cov idx1="2" idx2="2">0.00213177</cov>
    <cov idx1="2" idx2="3">0.000116216</cov>
    <cov idx1="2" idx2="4">-5.38868e-05</cov>
    <cov idx1="2" idx2="5">-0.000285566</cov>
    <cov idx1="2" idx2="6">7.73968e-05</cov>
    <cov idx1="2" idx2="7">9.09248e-05</cov>
    <cov idx1="2" idx2="8">1.70165e-05</cov>
    <cov idx1="2" idx2="9">-1.1581e-19</cov>
    <cov idx1="2" idx2="10">-3.16436e-05</cov>
    <cov idx1="2" idx2="11">0.00017618</cov>
    <cov idx1="3" idx2="0">0.000118935</cov>
    <cov idx1="3" idx2="1">3.55464e-05</cov>
    <cov idx1="3" idx2="2">0.000116216</cov>
    <cov idx1="3" idx2="3">0.00213496</cov>
    <cov idx1="3" idx2="4">0.000385865</cov>
    <cov idx1="3" idx2="5">-8.31432e-05</cov>
    <cov idx1="3" idx2="6">-1.55257e-05</cov>
    <cov idx1="3" idx2="7">-0.000169967</cov>
    <cov idx1="3" idx2="8">-0.000359553</cov>
    <cov idx1="3" idx2="9">1.41576e-20</cov>
    <cov idx1="3" idx2="10">7.414e-05</cov>
    <cov idx1="3" idx2="11">8.91356e-05</cov>
    <cov idx1="4" idx2="0">7.57677e-05</cov>
    <cov idx1="4" idx2="1">0.000248231</cov>
    <cov idx1="4" idx2="2">-5.38868e-05</cov>
    <cov idx1="4" idx2="3">0.000385865</cov>
    <cov idx1="4" idx2="4">0.00257201</cov>
    <cov idx1="4" idx2="5">-0.000460488</cov>
    <cov idx1="4" idx2="6">6.08978e-05</cov>
    <cov idx1="4" idx2="7">-0.000336483</cov>
    <cov idx1="4" idx2="8">-0.00010454</cov>
    <cov idx1="4" idx2="9">-5.28546e-21</cov>
    <cov idx1="4" idx2="10">0.000384296</cov>
    <cov idx1="4" idx2="11">0.000947099</cov>
    <cov idx1="5" idx2="0">-0.000118113</cov>
    <cov idx1="5" idx2="1">-7.93966e-05</cov>
    <cov idx1="5" idx2="2">-0.000285566</cov>
    <cov idx1="5" idx2="3">-8.31432e-05</cov>
    <cov idx1="5" idx2="4">-0.000460488</cov>
    <cov idx1="5" idx2="5">0.00221699</cov>
    <cov idx1="5" idx2="6">2.33184e-06</cov>
    <cov idx1="5" idx2="7">-0.000272111</cov>
    <cov idx1="5" idx2="8">-5.58587e-05</cov>
    <cov idx1="5" idx2="9">7.12842e-20</cov>
    <cov idx1="5" idx2="10">-0.000102913</cov>
    <cov idx1="5" idx2="11">3.48037e-05</cov>
    <cov idx1="6" idx2="0">-0.000456092</cov>
    <cov idx1="6" idx2="1">-4.86205e-05</cov>
    <cov idx1="6" idx2="2">7.73968e-05</cov>
    <cov idx1="6" idx2="3">-1.55257e-05</cov>
    <cov idx1="6" idx2="4">6.08978e-05</cov>
    <cov idx1="6" idx2="5">2.33184e-06</cov>
    <cov idx1="6" idx2="6">0.00235977</cov>
    <cov idx1="6" idx2="7">-0.0002182</cov>
    <cov idx1="6" idx2="8">0.000227395</cov>
    <cov idx1="6" idx2="9">-7.38505e-20</cov>
    <cov idx1="6" idx2="10">0.000424796</cov>
    <cov idx1="6" idx2="11">0.000659146</cov>
    <cov idx1="7" idx2="0">-4.90637e-05</cov>
    <cov idx1="7" idx2="1">-0.000131952</cov>
    <cov idx1="7" idx2="2">9.09248e-05</cov>
    <cov idx1="7" idx2="3">-0.000169967</cov>
    <cov idx1="7" idx2="4">-0.000336483</cov>
    <cov idx1="7" idx2="5">-0.000272111</cov>
    <cov idx1="7" idx2="6">-0.0002182</cov>
    <cov idx1="7" idx2="7">0.00215982</cov>
    <cov idx1="7" idx2="8">-9.28486e-05</cov>
    <cov idx1="7" idx2="9">2.89495e-20</cov>
    <cov idx1="7" idx2="10">1.53097e-05</cov>
    <cov idx1="7" idx2="11">-8.97543e-06</cov>
    <cov idx1="8" idx2="0">-1.43884e-06</cov>
    <cov idx1="8" idx2="1">7.0712e-06</cov>
    <cov idx1="8" idx2="2">1.70165e-05</cov>
    <cov idx1="8" idx2="3">-0.000359553</cov>
    <cov idx1="8" idx2="4">-0.00010454</cov>
    <cov idx1="8" idx2="5">-5.58587e-05</cov>
    <cov idx1="8" idx2="6">0.000227395</cov>
    <cov idx1="8" idx2="7">-9.28486e-05</cov>
    <cov idx1="8" idx2="8">0.00209723</cov>
    <cov idx1="8" idx2="9">-5.1503e-20</cov>
    <cov idx1="8" idx2="10">0.000134105</cov>
    <cov idx1="8" idx2="11">-2.51141e-05</cov>
    <cov idx1="9" idx2="0">5.69972e-24</cov>
    <cov idx1="9" idx2="1">3.6484e-20</cov>
    <cov idx1="9" idx2="2">-1.1581e-19</cov>
    <cov idx1="9" idx2="3">1.41576e-20</cov>
    <cov idx1="9" idx2="4">-5.28546e-21</cov>
    <cov idx1="9" idx2="5">7.12842e-20</cov>
    <cov idx1="9" idx2="6">-7.38505e-20</cov>
    <cov idx1="9" idx2="7">2.89495e-20</cov>
    <cov idx1="9" idx2="8">-5.1503e-20</cov>
    <cov idx1="9" idx2="9">1.50102e-35</cov>
    <cov idx1="9" idx2="10">6.54438e-20</cov>
    <cov idx1="9" idx2="11">7.35719e-21</cov>
    <cov idx1="10" idx2="0">5.14414e-05</cov>
    <cov idx1="10" idx2="1">0.000128271</cov>
    <cov idx1="10" idx2="2">-3.16436e-05</cov>
    <cov idx1="10" idx2="3">7.414e-05</cov>
    <cov idx1="10" idx2="4">0.000384296</cov>
    <cov idx1="10" idx2="5">-0.000102913</cov>
    <cov idx1="10" idx2="6">0.000424796</cov>
    <cov idx1="10" idx2="7">1.53097e-05</cov>
    <cov idx1="10" idx2="8">0.000134105</cov>
    <cov idx1="10" idx2="9">6.54438e-20</cov>
    <cov idx1="10" idx2="10">0.0023738</cov>
    <cov idx1="10" idx2="11">0.000965</cov>
    <cov idx1="11" idx2="0">-1.82597e-05</cov>
    <cov idx1="11" idx2="1">0.00020035</cov>
    <cov idx1="11" idx2="2">0.00017618</cov>
    <cov idx1="11" idx2="3">8.91356e-05</cov>
    <cov idx1="11" idx2="4">0.000947099</cov>
    <cov idx1="11" idx2="5">3.48037e-05</cov>
    <cov idx1="11" idx2="6">0.000659146</cov>
    <cov idx1="11" idx2="7">-8.97543e-06</cov>
    <cov idx1="11" idx2="8">-2.51141e-05</cov>
    <cov idx1="11" idx2="9">7.35719e-21</cov>
    <cov idx1="11" idx2="10">0.000965</cov>
    <cov idx1="11" idx2="11">0.00281285</cov>
  </covmatrix>
  <chisqr>9989.56</chisqr>
</regression>
