<?xml version="1.0" encoding="UTF-8"?>
<scale>
  <columns n="12" type="default">
    <column i="0">
      <mean>0.0278855</mean>
      <sdev>0.17893</sdev>
      <min>-0.935615</min>
      <max>1.13204</max>
    </column>
    <column i="1">
      <mean>-0.00353089</mean>
      <sdev>0.231489</sdev>
      <min>-1.30733</min>
      <max>1.40328</max>
    </column>
    <column i="2">
      <mean>0.0186243</mean>
      <sdev>0.125701</sdev>
      <min>-0.497164</min>
      <max>0.985253</max>
    </column>
    <column i="3">
      <mean>144.786</mean>
      <sdev>74.5825</sdev>
      <min>35</min>
      <max>1184</max>
    </column>
    <column i="4">
      <mean>45.503</mean>
      <sdev>47.5766</sdev>
      <min>0</min>
      <max>247.651</max>
    </column>
    <column i="5">
      <mean>26.0105</mean>
      <sdev>56.0432</sdev>
      <min>-143.92</min>
      <max>454.52</max>
    </column>
    <column i="6">
      <mean>-170.229</mean>
      <sdev>151.228</sdev>
      <min>-1932.56</min>
      <max>-68.04</max>
    </column>
    <column i="7">
      <mean>0.123636</mean>
      <sdev>3.40968</sdev>
      <min>-43.93</min>
      <max>31.31</max>
    </column>
    <column i="8">
      <mean>7.0118</mean>
      <sdev>0.576563</sdev>
      <min>5.5</min>
      <max>8.5</max>
    </column>
    <column i="9">
      <mean>1</mean>
      <sdev>0</sdev>
      <min>1</min>
      <max>1</max>
    </column>
    <column i="10">
      <mean>0.391266</mean>
      <sdev>0.488034</sdev>
      <min>0</min>
      <max>1</max>
    </column>
    <column i="11">
      <mean>0.339572</mean>
      <sdev>0.473564</sdev>
      <min>0</min>
      <max>1</max>
    </column>
  </columns>
  <columns n="1" type="combined">
    <column i="0">
      <mean>0.0248139</mean>
      <sdev>0.226267</sdev>
      <min>-1.39637</min>
      <max>1.18222</max>
    </column>
  </columns>
</scale>
