<?xml version="1.0" encoding="UTF-8"?>
<sef_nn_master ninput="12" pca="false" specialist="stab">
  <neuralnet file="[CONFIG_ROOT]/council/neuralnets/stab/nn1.mlp"></neuralnet>
  <neuralnet file="[CONFIG_ROOT]/council/neuralnets/stab/nn2.mlp"></neuralnet>
  <neuralnet file="[CONFIG_ROOT]/council/neuralnets/stab/nn3.mlp"></neuralnet>
  <neuralnet file="[CONFIG_ROOT]/council/neuralnets/stab/nn4.mlp"></neuralnet>
  <neuralnet file="[CONFIG_ROOT]/council/neuralnets/stab/nn5.mlp"></neuralnet>
  <neuralnet file="[CONFIG_ROOT]/council/neuralnets/stab/nn6.mlp"></neuralnet>
  <neuralnet file="[CONFIG_ROOT]/council/neuralnets/stab/nn7.mlp"></neuralnet>
  <neuralnet file="[CONFIG_ROOT]/council/neuralnets/stab/nn8.mlp"></neuralnet>
  <neuralnet file="[CONFIG_ROOT]/council/neuralnets/stab/nn9.mlp"></neuralnet>
  <neuralnet file="[CONFIG_ROOT]/council/neuralnets/stab/nn10.mlp"></neuralnet>
  <member_adjustment>
    <member file="[CONFIG_ROOT]/council/neuralnets/stab/nn5.mlp">
      <mean>0.375804</mean>
      <sdev>0.864684</sdev>
      <min>-3.85773</min>
      <max>2.16444</max>
      <slope>0.581624</slope>
      <intercept>0.053165</intercept>
    </member>
    <member file="[CONFIG_ROOT]/council/neuralnets/stab/nn6.mlp">
      <mean>0.200991</mean>
      <sdev>0.795863</sdev>
      <min>-3.5793</min>
      <max>1.84112</max>
      <slope>0.574798</slope>
      <intercept>0.0493527</intercept>
    </member>
    <member file="[CONFIG_ROOT]/council/neuralnets/stab/nn9.mlp">
      <mean>0.716836</mean>
      <sdev>1.06783</sdev>
      <min>-3.82634</min>
      <max>2.12566</max>
      <slope>0.58256</slope>
      <intercept>0.0528985</intercept>
    </member>
    <member file="[CONFIG_ROOT]/council/neuralnets/stab/nn2.mlp">
      <mean>0.488289</mean>
      <sdev>0.93568</sdev>
      <min>-3.70842</min>
      <max>2.13142</max>
      <slope>0.610405</slope>
      <intercept>0.0597689</intercept>
    </member>
    <member file="[CONFIG_ROOT]/council/neuralnets/stab/nn1.mlp">
      <mean>0.445069</mean>
      <sdev>0.903851</sdev>
      <min>-3.97638</min>
      <max>2.05992</max>
      <slope>0.588937</slope>
      <intercept>0.0527428</intercept>
    </member>
    <member file="[CONFIG_ROOT]/council/neuralnets/stab/nn3.mlp">
      <mean>-0.134007</mean>
      <sdev>0.767762</sdev>
      <min>-4.04962</min>
      <max>2.29199</max>
      <slope>0.568292</slope>
      <intercept>0.0423701</intercept>
    </member>
    <member file="[CONFIG_ROOT]/council/neuralnets/stab/nn8.mlp">
      <mean>0.67655</mean>
      <sdev>1.0429</sdev>
      <min>-4.42492</min>
      <max>2.00126</max>
      <slope>0.594856</slope>
      <intercept>0.0576333</intercept>
    </member>
    <member file="[CONFIG_ROOT]/council/neuralnets/stab/nn7.mlp">
      <mean>0.127208</mean>
      <sdev>0.790696</sdev>
      <min>-4.36195</min>
      <max>1.83943</max>
      <slope>0.592458</slope>
      <intercept>0.0528102</intercept>
    </member>
    <member file="[CONFIG_ROOT]/council/neuralnets/stab/nn10.mlp">
      <mean>-0.0417298</mean>
      <sdev>0.762457</sdev>
      <min>-3.80417</min>
      <max>2.35634</max>
      <slope>0.572215</slope>
      <intercept>0.0531213</intercept>
    </member>
    <member file="[CONFIG_ROOT]/council/neuralnets/stab/nn4.mlp">
      <mean>0.213042</mean>
      <sdev>0.820794</sdev>
      <min>-5.82108</min>
      <max>1.65736</max>
      <slope>0.603583</slope>
      <intercept>0.0546617</intercept>
    </member>
    <target>
      <mean>1.08097</mean>
      <sdev>1.55993</sdev>
      <min>-6.8</min>
      <max>1.58</max>
      <slope>0</slope>
      <intercept>0</intercept>
    </target>
  </member_adjustment>
</sef_nn_master>
